{"lastChkPtData":[{"xPos":-128.8000030517578,"yPos":9.100000381469727,"zPos":-6.130000114440918}]}